{
  "project_info": {
    "project_number": "1048640001400",
    "firebase_url": "https://androidproject-af3f5-default-rtdb.firebaseio.com",
    "project_id": "androidproject-af3f5",
    "storage_bucket": "androidproject-af3f5.appspot.com"
  },
  "client": [
    {
      "client_info": {
        "mobilesdk_app_id": "1:1048640001400:android:e3823d421378ea9dc4648d",
        "android_client_info": {
          "package_name": "com.example.bridgemonitoring"
        }
      },
      "oauth_client": [
        {
          "client_id": "1048640001400-4btocdeufqmdth55jbg6phkfl6dir0or.apps.googleusercontent.com",
          "client_type": 3
        }
      ],
      "api_key": [
        {
          "current_key": "AIzaSyAtg3siDtwK5wolEZ699M4Kr_r1LM9Pg8c"
        }
      ],
      "services": {
        "appinvite_service": {
          "other_platform_oauth_client": [
            {
              "client_id": "1048640001400-4btocdeufqmdth55jbg6phkfl6dir0or.apps.googleusercontent.com",
              "client_type": 3
            }
          ]
        }
      }
    },
    {
      "client_info": {
        "mobilesdk_app_id": "1:1048640001400:android:84d5cdf61dfc0bfcc4648d",
        "android_client_info": {
          "package_name": "com.example.hydrophonicplant"
        }
      },
      "oauth_client": [
        {
          "client_id": "1048640001400-4btocdeufqmdth55jbg6phkfl6dir0or.apps.googleusercontent.com",
          "client_type": 3
        }
      ],
      "api_key": [
        {
          "current_key": "AIzaSyAtg3siDtwK5wolEZ699M4Kr_r1LM9Pg8c"
        }
      ],
      "services": {
        "appinvite_service": {
          "other_platform_oauth_client": [
            {
              "client_id": "1048640001400-4btocdeufqmdth55jbg6phkfl6dir0or.apps.googleusercontent.com",
              "client_type": 3
            }
          ]
        }
      }
    },
    {
      "client_info": {
        "mobilesdk_app_id": "1:1048640001400:android:7746b25aeb9adfe2c4648d",
        "android_client_info": {
          "package_name": "com.example.scarcrow"
        }
      },
      "oauth_client": [
        {
          "client_id": "1048640001400-4btocdeufqmdth55jbg6phkfl6dir0or.apps.googleusercontent.com",
          "client_type": 3
        }
      ],
      "api_key": [
        {
          "current_key": "AIzaSyAtg3siDtwK5wolEZ699M4Kr_r1LM9Pg8c"
        }
      ],
      "services": {
        "appinvite_service": {
          "other_platform_oauth_client": [
            {
              "client_id": "1048640001400-4btocdeufqmdth55jbg6phkfl6dir0or.apps.googleusercontent.com",
              "client_type": 3
            }
          ]
        }
      }
    },
    {
      "client_info": {
        "mobilesdk_app_id": "1:1048640001400:android:ce86ef236e2f1dbdc4648d",
        "android_client_info": {
          "package_name": "com.example.securebike"
        }
      },
      "oauth_client": [
        {
          "client_id": "1048640001400-4btocdeufqmdth55jbg6phkfl6dir0or.apps.googleusercontent.com",
          "client_type": 3
        }
      ],
      "api_key": [
        {
          "current_key": "AIzaSyAtg3siDtwK5wolEZ699M4Kr_r1LM9Pg8c"
        }
      ],
      "services": {
        "appinvite_service": {
          "other_platform_oauth_client": [
            {
              "client_id": "1048640001400-4btocdeufqmdth55jbg6phkfl6dir0or.apps.googleusercontent.com",
              "client_type": 3
            }
          ]
        }
      }
    },
    {
      "client_info": {
        "mobilesdk_app_id": "1:1048640001400:android:15879a80a31d8641c4648d",
        "android_client_info": {
          "package_name": "com.example.smartaquarium"
        }
      },
      "oauth_client": [
        {
          "client_id": "1048640001400-4btocdeufqmdth55jbg6phkfl6dir0or.apps.googleusercontent.com",
          "client_type": 3
        }
      ],
      "api_key": [
        {
          "current_key": "AIzaSyAtg3siDtwK5wolEZ699M4Kr_r1LM9Pg8c"
        }
      ],
      "services": {
        "appinvite_service": {
          "other_platform_oauth_client": [
            {
              "client_id": "1048640001400-4btocdeufqmdth55jbg6phkfl6dir0or.apps.googleusercontent.com",
              "client_type": 3
            }
          ]
        }
      }
    }
  ],
  "configuration_version": "1"
}